Aprob_Semestre1;Aprob_Semestre2;Aprob_Semestre3;Total_Aprob;Genero;Edad;Provincia;Estado_civil;emplea_ingresos;niv_form_padre;niv_form_madre;ing_hogar;num_miembros_hogar;ing_eve;Tipo_vivienda;tipo_const_vivienda;Internet;cert_practicas;Cert_ingles_A2;Trabaja;Tiempo_trab;Colegio_especializacion;Nivel_Ingles;Sist_ingreso;Tipo_Colegio;Tipo_matricula;Condicion;Porc_Beca;motivo_Beca_1;motivo_Beca_2;Continua
6;6;0;12;Femenino;20;Guayas;Soltero;No aplica;Educacion Media;Educacion Media;550;8;0;Propia;Casa;Si;No;No;No;0;BACHILLER EN CIENCIAS;Basico;Curso de Nivelacion;Fiscal;Ordinario;Regular;25;No aplica;Convenio interisntitucional;0
6;6;4;16;Femenino;27;Guayas;Soltero;No aplica;Educacion Media;Secundaria;500;3;120;Propia;Villa;Si;No;No;No;0;BACHILLER EN CONTABILIDAD Y ADMINISTRACION;Avanzado;Homologacion;Particular;Ordinario;Homologado;0;No aplica;Otros;0
4;4;0;8;Masculino;37;Guayas;Casado;Financiar sus estudios;Educacion Media;Secundaria;500;6;300;Propia;Casa;Si;No;No;Si;0;BACHILLER EN CONTABILIDAD Y ADMINISTRACION;Intermedio;Curso de Nivelacion;Particular;Ordinario;Caso Especial;25;Otra;Ex cadete Anai;0
6;6;6;18;Masculino;28;Guayas;Soltero;Financiar sus estudios;Educacion Media;Secundaria;800;6;0;Propia;Casa;Si;No;Si;Si;0;BACHILLER EN INFORMATICA;Basico;Curso de Nivelacion;Fiscal;Ordinario;Regular;0;No aplica;Otros;1
6;6;5;17;Masculino;22;Guayas;Soltero;No aplica;Secundaria;Educacion Basica;500;5;0;Propia;Casa;Si;No;No;No;0;BACHILLER EN CONTABILIDAD Y ADMINISTRACION;Basico;Curso de Nivelacion;Fiscal;Ordinario;Regular;0;No aplica;Otros;0
6;5;6;17;Masculino;26;Guayas;Soltero;Financiar sus estudios;Primaria;Primaria;1300;5;0;Propia;Casa;Si;No aplica;No aplica;Si;0;BACHILLER EN CIENCIAS;Basico;Curso de Nivelacion;Fiscal;Ordinario;Homologado;0;No aplica;Otros;0
6;6;6;18;Femenino;22;Guayas;Soltero;No aplica;Educacion Media;Educacion Basica;500;3;0;Propia;Casa;Si;No;Si;No;0;BACHILLER TECNICO;Basico;Curso de Nivelacion;Fiscal;Ordinario;Regular;0;No aplica;Otros;1
6;6;6;18;Femenino;34;Los Rios;Casado;Financiar sus estudios;Educacion Media;Secundaria;971;5;0;Propia;Casa;Si;No;No;Si;0;BACHILLER EN CONTABILIDAD Y ADMINISTRACION;Basico;Curso de Nivelacion;Fiscal;Ordinario;Regular;25;Otra;Cantones aledanos;1
6;6;0;12;Femenino;21;Guayas;Soltero;No aplica;Educacion Media;Educacion Basica;1880;5;0;Propia;Casa;Si;No;No;No;0;BACHILLER EN CIENCIAS;Basico;Curso de Nivelacion;Fiscal;Ordinario;Regular;0;No aplica;Otros;0
6;6;4;16;Femenino;41;Santa Elena;Divorciado;Financiar sus estudios;Superior Universitaria;Educacion Basica;650;3;0;Arrendada;Casa;Si;No;No;Si;0;BACHILLER EN CIENCIAS;Basico;Curso de Nivelacion;Particular;Extraordinario;Caso Especial;0;No aplica;Otros;0
6;6;6;18;Femenino;36;Guayas;Casado;Para mantener a su hogar;Secundaria;Secundaria;1350;3;0;Propia;Villa;Si;Si;Si;No;0;BACHILLER EN INFORMATICA;Basico;Curso de Nivelacion;Particular;Ordinario;Regular;75;Otra;Otros;1
6;6;4;16;Masculino;22;Guayas;Soltero;Financiar sus estudios;Primaria;Primaria;494;5;20;Otra;Otra;No;No aplica;No aplica;Si;0;BACHILLER EN INFORMATICA;Basico;Curso de Nivelacion;Fiscal;Ordinario;Caso Especial;0;No aplica;Otros;0
6;6;0;12;Masculino;20;Guayas;Soltero;No aplica;Educacion Basica;Educacion Basica;100;1;0;Propia;Villa;Si;No;No;No;0;BACHILLER EN CONTABILIDAD Y ADMINISTRACION;Intermedio;Curso de Nivelacion;Fiscal;Ordinario;Regular;25;Otra;Convenio interisntitucional;0
6;6;6;18;Femenino;23;Guayas;Soltero;Financiar sus estudios;Educacion Basica;Educacion Basica;800;4;0;Propia;Villa;Si;No;Si;Si;0;BACHILLER EN INFORMATICA;Basico;Curso de Nivelacion;Particular;Extraordinario;Caso Especial;0;No aplica;Otros;1
6;6;5;17;Femenino;39;Guayas;Soltero;No aplica;Primaria;Primaria;400;4;0;Arrendada;Casa;No;Si;Si;No;0;BACHILLER EN CONTABILIDAD Y ADMINISTRACION;Basico;Otros;Particular;Ordinario;Regular;0;No aplica;Otros;0
6;6;6;18;Masculino;25;Guayas;Soltero;No aplica;Educacion Media;Superior Universitaria;420;4;0;Propia;Casa;Si;No;No;No;0;BACHILLER EN CIENCIAS;Basico;Curso de Nivelacion;Particular;Ordinario;Regular;0;No aplica;Otros;1
6;6;6;18;Femenino;26;Guayas;Soltero;No aplica;Secundaria;Superior Universitaria;500;5;0;La esta pagando;Casa;Si;Si;Si;No;0;BACHILLER EN CIENCIAS;Basico;Curso de Nivelacion;Particular;Ordinario;Regular;0;No aplica;Otros;1
6;6;0;12;Masculino;21;Guayas;Soltero;No aplica;Educacion Media;Educacion Media;400;5;0;Propia;Casa;Si;No;No;No;0;BACHILLER EN CIENCIAS;Basico;SENESCYT;Particular;Ordinario;Regular;0;No aplica;Otros;0
6;6;6;18;Femenino;21;Santa Elena;Soltero;No aplica;Secundaria;Secundaria;1100;6;0;Propia;Casa;Si;No;Si;No;0;BACHILLER EN INFORMATICA;Basico;Curso de Nivelacion;Fiscal;Ordinario;Regular;0;No aplica;Otros;1
6;6;6;18;Femenino;41;Guayas;Casado;Financiar sus estudios;Secundaria;Primaria;800;5;0;La esta pagando;Casa;No;Si;Si;Si;0;BACHILLER EN CONTABILIDAD Y ADMINISTRACION;Basico;Curso de Nivelacion;Particular;Ordinario;Regular;0;No aplica;Otros;1
6;6;0;12;Femenino;41;Guayas;Casado;Financiar sus estudios;Secundaria;Primaria;800;5;0;La esta pagando;Casa;No;Si;Si;Si;0;BACHILLER EN CONTABILIDAD Y ADMINISTRACION;Basico;Curso de Nivelacion;Particular;Ordinario;Regular;0;No aplica;Otros;0
6;6;4;16;Femenino;31;Guayas;Casado;Para mantener a su hogar;Educacion Media;Educacion Media;1000;5;0;Arrendada;Departamento;Si;Si;No;Si;0;BACHILLER EN CONTABILIDAD Y ADMINISTRACION;Intermedio;Curso de Nivelacion;Fiscal;Ordinario;Regular;0;No aplica;Otros;0
6;6;6;18;Femenino;22;Guayas;Soltero;No aplica;Educacion Media;Educacion Basica;450;5;0;Cedida;Cuarto;Si;No;Si;No;0;BACHILLER EN CONTABILIDAD Y ADMINISTRACION;Basico;Curso de Nivelacion;Fiscal;Ordinario;Regular;10;Socioeconomica;Otros;1
6;6;0;12;Masculino;35;Guayas;Soltero;Para mantener a su hogar;Primaria;Secundaria;1000;3;100;Propia;Villa;Si;No;No;Si;0;BACHILLER EN INFORMATICA;Basico;Curso de Nivelacion;Fiscal;Ordinario;Regular;25;Otra;Cantones aledanos;0
6;6;6;18;Femenino;60;Guayas;Soltero;Financiar sus estudios;Secundaria;Superior Universitaria;675;4;0;Propia;Casa;Si;No;Si;Si;0;BACHILLER EN CONTABILIDAD Y ADMINISTRACION;Basico;Curso de Nivelacion;Particular;Ordinario;Regular;0;No aplica;Otros;1
4;1;0;5;Femenino;26;Guayas;Soltero;No aplica;Superior Universitaria;Secundaria;1182;5;0;Propia;Casa;Si;No;No;No;0;BACHILLER TECNICO;Basico;Curso de Nivelacion;Fiscal;Ordinario;Caso Especial;0;No aplica;Otros;0
4;4;0;8;Masculino;29;Guayas;Casado;Para mantener a su hogar;Educacion Media;Secundaria;450;3;0;Cedida;Casa;Si;No;No;Si;0;BACHILLER TECNICO;Basico;Curso de Nivelacion;Fiscal;Ordinario;Caso Especial;25;Otra;Cantones aledanos;0
6;6;6;18;Femenino;23;Guayas;Soltero;No aplica;Educacion Media;Educacion Basica;500;5;0;Propia;Casa;Si;Si;Si;No;0;BACHILLER EN CONTABILIDAD Y ADMINISTRACION;Basico;Curso de Nivelacion;Fiscal;Ordinario;Regular;50;Excelencia Academica;Otros;1
6;6;6;18;Masculino;25;Guayas;Soltero;Para mantener a su hogar;Educacion Basica;Educacion Basica;401;4;0;Propia;Casa;Si;No;No;Si;0;BACHILLER EN INFORMATICA;Basico;Curso de Nivelacion;Particular;Ordinario;Regular;25;Otra;Cantones aledanos;1
6;6;6;18;Femenino;33;Guayas;Soltero;Financiar sus estudios;Primaria;Secundaria;302;3;0;Propia;Casa;Si;Si;Si;Si;0;BACHILLER EN CONTABILIDAD Y ADMINISTRACION;Intermedio;Curso de Nivelacion;Fiscomisional;Ordinario;Regular;0;No aplica;Otros;1
6;6;6;18;Femenino;34;Guayas;Soltero;Para mantener a su hogar;Educacion Media;Educacion Basica;600;5;0;Propia;Villa;Si;Si;Si;No;0;BACHILLER EN INFORMATICA;Basico;Curso de Nivelacion;Fiscal;Ordinario;Regular;10;Socioeconomica;Otros;1
6;5;0;11;Femenino;23;Guayas;Soltero;No aplica;Educacion Media;Educacion Media;200;3;0;Propia;Casa;No;No;No;No;0;BACHILLER EN CONTABILIDAD Y ADMINISTRACION;Basico;Homologacion;Fiscal;Ordinario;Homologado;0;No aplica;Otros;0
6;6;6;18;Femenino;27;Guayas;Soltero;Financiar sus estudios;Educacion Media;Educacion Media;1450;7;0;Propia;Casa;Si;No;No;Si;0;BACHILLER EN CIENCIAS;Basico;Curso de Nivelacion;Fiscal;Ordinario;Regular;0;No aplica;Otros;1
6;6;6;18;Femenino;37;Guayas;Casado;No aplica;Secundaria;Superior Universitaria;700;5;0;Propia;Casa;Si;No;Si;No;0;BACHILLER EN CONTABILIDAD Y ADMINISTRACION;Basico;Curso de Nivelacion;Fiscal;Ordinario;Regular;0;No aplica;Otros;1
6;6;6;18;Femenino;22;Guayas;Soltero;No aplica;Primaria;Secundaria;250;5;0;Propia;Casa;Si;No;Si;No;0;BACHILLER EN CONTABILIDAD Y ADMINISTRACION;Basico;Curso de Nivelacion;Fiscal;Ordinario;Regular;0;No aplica;Otros;1
6;6;6;18;Masculino;25;Guayas;Soltero;No aplica;Educacion Basica;Educacion Basica;300;2;150;Propia;Casa;Si;No;No;No;0;BACHILLER EN CONTABILIDAD Y ADMINISTRACION;Basico;Curso de Nivelacion;Particular;Ordinario;Regular;25;Otra;Cantones aledanos;1
6;6;6;18;Masculino;36;Guayas;Soltero;Financiar sus estudios;Primaria;Primaria;750;5;0;Propia;Casa;Si;Si;Si;Si;0;BACHILLER EN INFORMATICA;Basico;Curso de Nivelacion;Fiscal;Ordinario;Regular;0;No aplica;Otros;1
6;6;6;18;Femenino;21;Guayas;Soltero;Gastos Personales;Superior Universitaria;Superior Universitaria;953.88;4;500;Cedida;Casa;Si;No;No;Si;0;BACHILLER EN CONTABILIDAD Y ADMINISTRACION;Basico;Curso de Nivelacion;Particular;Ordinario;Regular;0;No aplica;Otros;1
6;6;6;18;Femenino;27;Guayas;Soltero;Financiar sus estudios;Secundaria;Secundaria;900;4;400;Propia;Casa;Si;Si;Si;Si;0;BACHILLER EN CONTABILIDAD Y ADMINISTRACION;Basico;Curso de Nivelacion;Fiscal;Ordinario;Regular;0;No aplica;Otros;1
6;6;6;18;Femenino;21;Guayas;Soltero;No aplica;Secundaria;Secundaria;850;4;250;Propia;Casa;Si;No;Si;No;0;BACHILLER EN CONTABILIDAD Y ADMINISTRACION;Intermedio;Curso de Nivelacion;Fiscal;Ordinario;Regular;0;No aplica;Otros;1
6;6;0;12;Masculino;25;Guayas;Soltero;Para mantener a su hogar;Secundaria;Secundaria;410;3;0;Propia;Villa;Si;No;No;Si;0;BACHILLER EN CIENCIAS;Basico;Curso de Nivelacion;Fiscal;Ordinario;Caso Especial;0;No aplica;Otros;0
6;6;6;18;Femenino;28;Guayas;Soltero;Financiar sus estudios;Educacion Basica;Educacion Basica;1600;4;200;Arrendada;Departamento;No;No;No;Si;3;BACHILLER EN CONTABILIDAD Y ADMINISTRACION;Basico;Curso de Nivelacion;Particular;Ordinario;Regular;0;No aplica;Otros;1
6;6;1;13;Femenino;25;Guayas;Soltero;No aplica;Educacion Media;Educacion Media;400;4;0;Arrendada;Casa;Si;No;No;No;0;BACHILLER EN CONTABILIDAD Y ADMINISTRACION;Basico;Homologacion;Fiscal;Ordinario;Homologado;0;No aplica;Otros;0
6;6;6;18;Masculino;23;Guayas;Soltero;No aplica;Superior Universitaria;Superior Universitaria;1300;4;0;Arrendada;Departamento;Si;No;No;No;0;BACHILLER EN INFORMATICA;Intermedio;Curso de Nivelacion;Particular;Extraordinario;Regular;0;No aplica;Otros;1
6;6;6;18;Masculino;24;Guayas;Soltero;No aplica;Secundaria;Secundaria;401;6;0;La esta pagando;Casa;Si;No;Si;No;0;BACHILLER TECNICO;Basico;Curso de Nivelacion;Particular;Ordinario;Regular;0;No aplica;Otros;1
6;6;6;18;Femenino;23;Guayas;Soltero;Para mantener a su hogar;Primaria;Superior Universitaria;300;2;0;Cedida;Casa;Si;No;Si;No;0;BACHILLER EN CONTABILIDAD Y ADMINISTRACION;Basico;Curso de Nivelacion;Fiscal;Ordinario;Regular;25;Otra;Convenio interisntitucional;1
6;6;6;18;Femenino;39;Guayas;Casado;Financiar sus estudios;Educacion Basica;Secundaria;1800;4;0;Cedida;Casa;Si;No;Si;Si;0;BACHILLER EN CIENCIAS;Basico;Curso de Nivelacion;Particular;Ordinario;Regular;25;Otra;Cantones aledanos;1
6;6;6;18;Femenino;27;Guayas;Soltero;Financiar sus estudios;Secundaria;Secundaria;1100;5;0;Propia;Casa;Si;Si;Si;No;0;BACHILLER EN CIENCIAS;Basico;Curso de Nivelacion;Particular;Ordinario;Regular;0;No aplica;Otros;1
6;6;6;18;Masculino;26;Guayas;Soltero;Financiar sus estudios;Educacion Media;Superior Universitaria;900;5;0;Propia;Casa;Si;No;Si;Si;0;BACHILLER EN INFORMATICA;Basico;Curso de Nivelacion;Fiscal;Ordinario;Regular;0;No aplica;Otros;1
6;6;0;12;Masculino;26;Guayas;Soltero;Financiar sus estudios;Educacion Media;Superior Universitaria;900;5;0;Propia;Casa;Si;No;Si;Si;0;BACHILLER EN INFORMATICA;Basico;Curso de Nivelacion;Fiscal;Ordinario;Regular;0;No aplica;Otros;0
6;6;0;12;Masculino;23;Guayas;Soltero;No aplica;Secundaria;Superior Universitaria;400;3;0;Propia;Casa;Si;No;No;No;0;BACHILLER EN INFORMATICA;Basico;Curso de Nivelacion;Particular;Ordinario;Regular;25;Otra;Ex cadete Anai;0
6;6;6;18;Femenino;21;Guayas;Soltero;Financiar sus estudios;Educacion Basica;Educacion Basica;400;3;0;Propia;Casa;Si;No;No;No;0;BACHILLER EN CIENCIAS;Basico;Curso de Nivelacion;Fiscal;Ordinario;Caso Especial;0;No aplica;Otros;1
6;6;6;18;Femenino;32;Guayas;Casado;Para mantener a su hogar;Secundaria;Secundaria;700;7;0;Propia;Casa;Si;Si;Si;Si;0;BACHILLER EN CONTABILIDAD Y ADMINISTRACION;Basico;Curso de Nivelacion;Particular;Extraordinario;Regular;0;No aplica;Otros;1
6;6;6;18;Femenino;23;Guayas;Soltero;Financiar sus estudios;Secundaria;Secundaria;1000;3;0;Propia;Casa;Si;No;No;Si;0;BACHILLER EN INFORMATICA;Intermedio;Curso de Nivelacion;Particular;Ordinario;Regular;25;Otra;Ex cadete Anai;1
6;6;6;18;Femenino;39;Guayas;Soltero;Para mantener a su hogar;Educacion Basica;Educacion Basica;1800;12;0;Propia;Villa;Si;No;No;Si;0;BACHILLER EN INFORMATICA;Basico;Curso de Nivelacion;Fiscal;Ordinario;Regular;0;No aplica;Otros;1
6;6;6;18;Masculino;24;Guayas;Soltero;Financiar sus estudios;Secundaria;Educacion Basica;600;5;0;Propia;Casa;No;Si;Si;Si;0;BACHILLER TECNICO;Basico;Curso de Nivelacion;Particular;Ordinario;Regular;0;No aplica;Otros;1
6;6;6;18;Masculino;30;Guayas;Soltero;Financiar sus estudios;Primaria;Primaria;1200;6;0;Propia;Casa;No;No aplica;No aplica;Si;0;BACHILLER EN INFORMATICA;Basico;Curso de Nivelacion;Fiscal;Extraordinario;Regular;0;No aplica;Otros;1
6;6;6;18;Femenino;24;Guayas;Soltero;Gastos Personales;Secundaria;Secundaria;1000;5;0;Cedida;Otra;Si;Si;Si;Si;0;BACHILLER EN CONTABILIDAD Y ADMINISTRACION;Basico;Curso de Nivelacion;Particular;Extraordinario;Regular;0;No aplica;Otros;1
6;6;6;18;Femenino;22;Guayas;Soltero;Para mantener a su hogar;Primaria;Secundaria;800;4;0;Propia;Casa;Si;No;Si;No;0;BACHILLER EN CIENCIAS;Basico;Curso de Nivelacion;Fiscal;Ordinario;Reingreso;0;No aplica;Otros;1
6;6;6;18;Femenino;35;Guayas;Casado;Financiar sus estudios;Educacion Media;Secundaria;3000;4;0;Propia;Casa;Si;No;Si;Si;0;BACHILLER EN INFORMATICA;Basico;Curso de Nivelacion;Fiscal;Ordinario;Regular;0;No aplica;Otros;1
6;6;0;12;Femenino;20;Guayas;Soltero;Para mantener a su hogar;Educacion Media;Educacion Media;400;5;0;Cedida;Casa;Si;No;No;No;0;BACHILLER EN CONTABILIDAD Y ADMINISTRACION;Intermedio;Curso de Nivelacion;Particular;Ordinario;Regular;0;No aplica;Otros;0
6;6;6;18;Femenino;28;Guayas;Soltero;No aplica;Superior Universitaria;Secundaria;770;6;0;Propia;Villa;Si;No aplica;No aplica;Si;4;BACHILLER EN CONTABILIDAD Y ADMINISTRACION;Intermedio;Homologacion;Fiscal;Extraordinario;Homologado;0;No aplica;Otros;1
6;6;0;12;Femenino;22;Guayas;Soltero;No aplica;Superior Universitaria;Secundaria;700;5;0;La esta pagando;Casa;Si;No;No;No;0;BACHILLER EN CIENCIAS;Basico;Curso de Nivelacion;Particular;Ordinario;Regular;15;Pueblos y nacionalidades;Otros;0
6;6;6;18;Femenino;27;Guayas;Soltero;No aplica;Secundaria;Primaria;400;3;0;Arrendada;Casa;Si;Si;Si;No;0;BACHILLER EN CONTABILIDAD Y ADMINISTRACION;Basico;Curso de Nivelacion;Fiscal;Ordinario;Regular;0;No aplica;Otros;1
6;5;0;11;Masculino;21;Guayas;Soltero;No aplica;Educacion Media;Secundaria;360;7;0;Cedida;Casa;Si;No;No;No;0;BACHILLER EN INFORMATICA;Basico;SENESCYT;Fiscal;Ordinario;Regular;50;Otra;Senescyt;0
6;6;0;12;Masculino;21;Guayas;Soltero;No aplica;Educacion Basica;Centro de Alfabetizacion;450;3;0;Propia;Villa;Si;No;No;No;0;BACHILLER EN INFORMATICA;Basico;Curso de Nivelacion;Particular;Ordinario;Regular;25;Otra;Convenio interisntitucional;0
6;6;6;18;Femenino;27;Guayas;Soltero;Para mantener a su hogar;Educacion Basica;Educacion Basica;400;4;0;Propia;Casa;Si;Si;Si;Si;0;BACHILLER EN CONTABILIDAD Y ADMINISTRACION;Intermedio;Curso de Nivelacion;Particular;Ordinario;Regular;40;Excelencia Academica;Otros;1
6;6;0;12;Femenino;33;Guayas;Casado;No aplica;Educacion Basica;Secundaria;1000;4;0;Propia;Casa;Si;No;No;No;0;BACHILLER EN CIENCIAS;Basico;Curso de Nivelacion;Fiscomisional;Ordinario;Regular;0;No aplica;Otros;0
6;6;6;18;Masculino;21;Guayas;Soltero;No aplica;Secundaria;Primaria;400;3;0;Arrendada;Casa;Si;No;No;No;0;BACHILLER EN CIENCIAS;Basico;Curso de Nivelacion;Fiscal;Ordinario;Regular;25;Otra;Convenio interisntitucional;1
6;6;6;18;Femenino;25;Guayas;Soltero;Financiar sus estudios;Educacion Media;Educacion Basica;1600;4;0;Propia;Casa;Si;No;No;Si;0;BACHILLER EN CIENCIAS;Basico;Curso de Nivelacion;Particular;Ordinario;Regular;25;Otra;Ex cadete Anai;1
6;6;6;18;Femenino;22;Guayas;Soltero;Para mantener a su hogar;Educacion Basica;Educacion Basica;795;4;0;Propia;Casa;Si;No;No;No;0;BACHILLER EN CONTABILIDAD Y ADMINISTRACION;Basico;Curso de Nivelacion;Fiscal;Ordinario;Regular;25;Otra;Cantones aledanos;1
6;6;6;18;Masculino;23;Guayas;Soltero;No aplica;Superior Universitaria;Superior Universitaria;784;5;0;Propia;Casa;No;Si;Si;No;0;BACHILLER EN CIENCIAS;Basico;Curso de Nivelacion;Particular;Ordinario;Regular;25;Otra;Convenio interisntitucional;1
6;6;6;18;Femenino;22;Guayas;Soltero;No aplica;Educacion Basica;Educacion Basica;492;5;100;Cedida;Casa;No;Si;Si;No;0;BACHILLER EN CONTABILIDAD Y ADMINISTRACION;Intermedio;Curso de Nivelacion;Fiscal;Ordinario;Regular;25;Otra;Convenio interisntitucional;1
6;6;6;18;Masculino;25;Guayas;Soltero;No aplica;Educacion Media;Superior Universitaria;300;2;500;Arrendada;Casa;Si;No;No;No;0;BACHILLER EN CIENCIAS;Basico;Curso de Nivelacion;Particular;Ordinario;Regular;0;No aplica;Otros;1
6;6;0;12;Masculino;22;Guayas;Soltero;Financiar sus estudios;Superior Universitaria;Educacion Basica;560;5;160;Propia;Casa;Si;No;No;No;0;BACHILLER EN CONTABILIDAD Y ADMINISTRACION;Basico;Curso de Nivelacion;Fiscal;Ordinario;Regular;25;Otra;Convenio interisntitucional;0
6;6;6;18;Femenino;42;Guayas;Soltero;Para mantener a su hogar;Superior Universitaria;Superior Universitaria;675;3;0;Propia;Villa;Si;Si;Si;Si;0;BACHILLER EN CIENCIAS;Basico;Curso de Nivelacion;Fiscal;Ordinario;Regular;0;No aplica;Otros;1
6;6;6;18;Femenino;21;Guayas;Soltero;No aplica;Secundaria;Secundaria;400;4;0;Propia;Villa;No;Si;Si;No;0;BACHILLER EN CONTABILIDAD Y ADMINISTRACION;Basico;Curso de Nivelacion;Fiscal;Ordinario;Regular;40;Excelencia Academica;Otros;1
6;6;6;18;Masculino;46;Guayas;Soltero;Para mantener a su hogar;Posgrado;Secundaria;600;4;0;Arrendada;Casa;Si;Si;Si;No;0;BACHILLER EN INFORMATICA;Basico;Homologacion;Particular;Ordinario;Regular;0;No aplica;Otros;1
6;6;6;18;Masculino;40;Guayas;Casado;Financiar sus estudios;Secundaria;Educacion Media;425;5;200;Cedida;Villa;Si;No;Si;Si;1;BACHILLER EN INFORMATICA;Basico;Curso de Nivelacion;Fiscal;Extraordinario;Caso Especial;0;No aplica;Otros;1
6;6;6;18;Masculino;22;Guayas;Soltero;No aplica;Primaria;Superior Universitaria;1194;5;0;Propia;Casa;Si;No aplica;No aplica;No;0;BACHILLER TECNICO;Basico;Curso de Nivelacion;Fiscal;Extraordinario;Regular;0;No aplica;Otros;1
6;6;6;18;Femenino;31;Guayas;Soltero;Financiar sus estudios;Educacion Basica;Educacion Basica;900;4;0;Propia;Villa;Si;No;Si;Si;0;BACHILLER EN CIENCIAS;Basico;Curso de Nivelacion;Particular;Ordinario;Regular;0;No aplica;Otros;1
6;6;6;18;Femenino;25;Guayas;Soltero;Para mantener a su hogar;Superior Universitaria;Secundaria;1500;5;0;Arrendada;Villa;Si;No;No;Si;0;BACHILLER EN CONTABILIDAD Y ADMINISTRACION;Basico;Curso de Nivelacion;Fiscal;Ordinario;Regular;0;No aplica;Otros;1
6;6;6;18;Femenino;36;Guayas;Soltero;Financiar sus estudios;Educacion Basica;Educacion Basica;700;4;0;Propia;Casa;Si;No;Si;Si;0;BACHILLER EN CIENCIAS;Basico;Curso de Nivelacion;Fiscal;Ordinario;Regular;0;No aplica;Otros;1
6;6;0;12;Masculino;27;Guayas;Soltero;Financiar sus estudios;Secundaria;Secundaria;700;1;0;Arrendada;Departamento;Si;No;No;Si;1;BACHILLER TECNICO;Basico;Curso de Nivelacion;Fiscal;Ordinario;Reingreso;0;No aplica;Otros;0
3;4;0;7;Femenino;37;Los Rios;Soltero;Financiar sus estudios;Superior Universitaria;Posgrado;1600;3;0;La esta pagando;Casa;Si;Si;Si;Si;0;BACHILLER EN CIENCIAS;Basico;Hom. Tray. Profesional;Particular;Ordinario;Hom. Tray. Profesional;0;No aplica;Otros;0
6;6;6;18;Femenino;23;Guayas;Soltero;No aplica;Primaria;Superior Universitaria;400;6;0;Arrendada;Casa;Si;No;No aplica;No;0;BACHILLER EN CONTABILIDAD Y ADMINISTRACION;Basico;Curso de Nivelacion;Particular;Ordinario;Regular;10;Socioeconomica;Otros;1
6;6;6;18;Femenino;44;Guayas;Soltero;Para mantener a su hogar;Educacion Media;Educacion Media;1100;3;0;Otra;Otra;Si;Si;Si;Si;21;BACHILLER EN CONTABILIDAD Y ADMINISTRACION;Basico;Curso de Nivelacion;Fiscal;Ordinario;Regular;0;No aplica;Otros;1
6;6;6;18;Masculino;41;Guayas;Soltero;Financiar sus estudios;Educacion Media;Educacion Media;1900;5;0;Propia;Casa;Si;No;Si;Si;19;BACHILLER EN CONTABILIDAD Y ADMINISTRACION;Basico;Curso de Nivelacion;Particular;Ordinario;Regular;25;Otra;Ex cadete Anai;1
6;6;6;18;Femenino;32;Guayas;Soltero;Financiar sus estudios;Educacion Basica;Educacion Media;600;4;0;Propia;Villa;Si;No;No;Si;0;BACHILLER EN INFORMATICA;Basico;Curso de Nivelacion;Fiscal;Ordinario;Regular;25;Otra;Cantones aledanos;1
6;6;6;18;Masculino;32;Guayas;Soltero;No aplica;Educacion Basica;Educacion Basica;335;3;0;Propia;Casa;Si;Si;Si;Si;0;BACHILLER EN CONTABILIDAD Y ADMINISTRACION;Basico;Curso de Nivelacion;Fiscal;Ordinario;Regular;0;No aplica;Otros;1
6;6;6;18;Femenino;24;Guayas;Soltero;No aplica;Educacion Media;Educacion Media;1000;4;0;Propia;Casa;Si;No;No;No;0;BACHILLER EN CONTABILIDAD Y ADMINISTRACION;Basico;Curso de Nivelacion;Particular;Ordinario;Regular;25;Otra;Ex cadete Anai;1
6;6;6;18;Masculino;23;Guayas;Soltero;Para mantener a su hogar;Secundaria;Secundaria;900;10;700;Propia;Casa;Si;Si;Si;No;0;BACHILLER EN CONTABILIDAD Y ADMINISTRACION;Basico;Curso de Nivelacion;Particular;Ordinario;Regular;0;No aplica;Otros;1
6;6;0;12;Masculino;22;Guayas;Soltero;No aplica;Superior Universitaria;Secundaria;650;2;0;Arrendada;Departamento;Si;No;No;No;0;BACHILLER EN CIENCIAS;Basico;Curso de Nivelacion;Particular;Ordinario;Regular;25;Otra;Ex cadete Anai;0
6;6;4;16;Femenino;26;Guayas;Soltero;Para mantener a su hogar;Educacion Media;Posgrado;1200;5;200;Propia;Villa;Si;No;No;No;0;BACHILLER EN INFORMATICA;Basico;Curso de Nivelacion;Fiscal;Ordinario;Caso Especial;0;No aplica;Otros;0
6;6;6;18;Masculino;37;Guayas;Casado;Para mantener a su hogar;Superior Universitaria;Superior Universitaria;2200;5;0;Cedida;Villa;Si;Si;Si;Si;0;BACHILLER EN INFORMATICA;Intermedio;Curso de Nivelacion;Particular;Ordinario;Regular;0;No aplica;Otros;1
6;6;0;12;Femenino;21;Guayas;Soltero;Para mantener a su hogar;Educacion Media;Educacion Media;800;5;0;Propia;Casa;Si;No;No;No;0;BACHILLER EN INFORMATICA;Intermedio;Curso de Nivelacion;Particular;Ordinario;Regular;25;Otra;Ex cadete Anai;0
6;6;6;18;Masculino;33;Guayas;Casado;Para mantener a su hogar;Secundaria;Superior Universitaria;750;7;0;Propia;Villa;Si;No;No;Si;0;BACHILLER EN CIENCIAS;Basico;SENESCYT;Fiscal;Ordinario;Regular;50;Otra;Senescyt;1
6;6;6;18;Femenino;41;Guayas;Soltero;Financiar sus estudios;Educacion Media;Educacion Media;400;4;500;Propia;Casa;Si;No;Si;No;0;BACHILLER EN INFORMATICA;Basico;Curso de Nivelacion;Particular;Ordinario;Regular;25;Otra;Ex cadete Anai;1
6;6;4;16;Masculino;32;Guayas;Soltero;No aplica;Superior Universitaria;Superior Universitaria;1200;3;0;Propia;Casa;Si;No aplica;No aplica;Si;0;BACHILLER TECNICO;Basico;Curso de Nivelacion;Particular;Extraordinario;Caso Especial;0;No aplica;Otros;0
6;6;0;12;Masculino;22;Guayas;Soltero;No aplica;Educacion Media;Educacion Media;500;4;0;La esta pagando;Casa;Si;No;No;No;0;BACHILLER EN INFORMATICA;Basico;Curso de Nivelacion;Particular;Ordinario;Regular;0;No aplica;Otros;0
6;6;6;18;Masculino;22;Guayas;Soltero;Gastos Personales;Secundaria;Secundaria;430;2;250;Arrendada;Departamento;Si;No aplica;No aplica;No;0;BACHILLER EN CIENCIAS;Basico;Curso de Nivelacion;Particular;Ordinario;Reingreso;25;Otra;Ex cadete Anai;1
6;6;0;12;Masculino;37;Guayas;Casado;Para mantener a su hogar;Superior Universitaria;Educacion Media;1038;7;0;Propia;Casa;Si;No;No;Si;0;BACHILLER EN INFORMATICA;Basico;Curso de Nivelacion;Particular;Extraordinario;Regular;25;Otra;Ex cadete Anai;0
6;6;0;12;Femenino;22;Guayas;Soltero;No aplica;Educacion Basica;Educacion Media;400;3;0;Propia;Casa;Si;No;No;No;0;BACHILLER EN CONTABILIDAD Y ADMINISTRACION;Basico;Curso de Nivelacion;Particular;Ordinario;Regular;25;No aplica;Ex cadete Anai;0
6;6;6;18;Femenino;23;Guayas;Soltero;Gastos Personales;Superior Universitaria;Educacion Media;400;3;250;Propia;Casa;Si;No;Si;No;0;BACHILLER EN CIENCIAS;Basico;Curso de Nivelacion;Particular;Ordinario;Regular;25;Otra;Ex cadete Anai;1
6;6;6;18;Femenino;29;Guayas;Soltero;Para mantener a su hogar;Educacion Basica;Primaria;400;3;0;Propia;Villa;No;No;No;Si;0;BACHILLER EN CONTABILIDAD Y ADMINISTRACION;Basico;Curso de Nivelacion;Fiscal;Ordinario;Regular;15;Pueblos y nacionalidades;Otros;1
6;6;6;18;Femenino;22;Guayas;Soltero;Financiar sus estudios;Educacion Media;Primaria;5000;4;0;Arrendada;Casa;Si;No;Si;Si;0;BACHILLER EN CIENCIAS;Basico;Curso de Nivelacion;Particular;Ordinario;Reingreso;25;Otra;Ex cadete Anai;1
6;6;6;18;Masculino;42;Guayas;Casado;Financiar sus estudios;Secundaria;Secundaria;1500;5;500;Otra;Otra;Si;Si;Si;Si;0;BACHILLER EN CONTABILIDAD Y ADMINISTRACION;Intermedio;Curso de Nivelacion;Particular;Ordinario;Regular;0;No aplica;Otros;1
3;4;0;7;Femenino;34;Guayas;Soltero;Financiar sus estudios;Educacion Basica;Educacion Basica;1500;5;0;Arrendada;Departamento;Si;Si;Si;Si;0;BACHILLER EN CONTABILIDAD Y ADMINISTRACION;Basico;Hom. Tray. Profesional;Fiscal;Ordinario;Hom. Tray. Profesional;52;Discapacidad;Otros;0
6;6;0;12;Femenino;20;Guayas;Soltero;No aplica;Educacion Media;Secundaria;735;4;0;Propia;Casa;Si;No;No;No;0;BACHILLER EN CONTABILIDAD Y ADMINISTRACION;Basico;Curso de Nivelacion;Particular;Ordinario;Regular;25;Otra;Vinculo familiar;0
6;6;6;18;Masculino;25;Guayas;Soltero;No aplica;Secundaria;Secundaria;800;5;0;Cedida;Casa;Si;No;No;No;0;BACHILLER EN CIENCIAS;Basico;Curso de Nivelacion;Fiscal;Extraordinario;Regular;0;No aplica;Otros;1
6;6;6;18;Femenino;35;Guayas;Casado;Financiar sus estudios;Primaria;Primaria;1560;8;0;Propia;Casa;Si;No aplica;No aplica;Si;0;BACHILLER EN CIENCIAS;Basico;Curso de Nivelacion;Fiscal;Extraordinario;Regular;0;No aplica;Otros;1
6;6;6;18;Femenino;39;Guayas;Divorciado;Financiar sus estudios;Posgrado;Educacion Media;3600;7;0;Propia;Casa;Si;No;No;Si;0;BACHILLER EN INFORMATICA;Basico;Curso de Nivelacion;Particular;Ordinario;Caso Especial;0;No aplica;Otros;1
6;6;6;18;Masculino;28;Guayas;Casado;Financiar sus estudios;Superior Universitaria;Superior no Universitaria;1200;2;0;Otra;Otra;No;Si;Si;No;0;BACHILLER EN CIENCIAS;Intermedio;Homologacion;Fiscal;Ordinario;Regular;0;No aplica;Otros;1
6;6;6;18;Femenino;21;Guayas;Soltero;No aplica;Educacion Basica;Superior Universitaria;500;5;0;Otra;Villa;No;No;Si;No;0;BACHILLER EN CIENCIAS;Basico;Curso de Nivelacion;Fiscal;Ordinario;Regular;25;Otra;Cantones aledanos;1
6;6;0;12;Femenino;26;Guayas;Soltero;Financiar sus estudios;Educacion Basica;Superior no Universitaria;788;3;0;Arrendada;Villa;Si;No aplica;No aplica;Si;0;BACHILLER EN CIENCIAS;Basico;Curso de Nivelacion;Fiscal;Ordinario;Regular;0;No aplica;Otros;0
3;4;0;7;Femenino;39;Guayas;Soltero;Financiar sus estudios;Educacion Basica;Educacion Basica;600;5;0;Cedida;Casa;Si;Si;Si;Si;11;BACHILLER EN INFORMATICA;Basico;Hom. Tray. Profesional;Fiscal;Ordinario;Hom. Tray. Profesional;0;No aplica;Otros;0
6;6;6;18;Femenino;27;Guayas;Soltero;No aplica;Secundaria;Secundaria;5000;7;0;Propia;Casa;Si;No;Si;No;0;BACHILLER EN CIENCIAS;Basico;Curso de Nivelacion;Particular;Ordinario;Regular;0;No aplica;Otros;1
6;6;6;18;Masculino;37;Guayas;Casado;Para mantener a su hogar;Secundaria;Secundaria;2000;4;0;Cedida;Casa;Si;No;Si;Si;0;BACHILLER EN CIENCIAS;Basico;Curso de Nivelacion;Particular;Ordinario;Regular;25;Otra;Ex cadete Anai;1
6;6;5;17;Masculino;22;Guayas;Soltero;No aplica;Educacion Media;Educacion Basica;850;6;0;Cedida;Casa;No;No;No;No;0;BACHILLER EN CIENCIAS;Intermedio;Curso de Nivelacion;Particular;Ordinario;Caso Especial;0;No aplica;Otros;0
6;6;6;18;Masculino;34;Guayas;Soltero;Para mantener a su hogar;Educacion Basica;Educacion Basica;670;3;0;Propia;Casa;Si;Si;Si;Si;0;BACHILLER EN CONTABILIDAD Y ADMINISTRACION;Basico;Homologacion;Fiscal;Ordinario;Homologado;0;No aplica;Otros;1
6;6;6;18;Femenino;21;Guayas;Soltero;No aplica;Primaria;Educacion Media;3000;4;0;Cedida;Casa;Si;No;Si;No;0;BACHILLER EN CIENCIAS;Intermedio;Curso de Nivelacion;Particular;Ordinario;Regular;25;Otra;Ex cadete Anai;1
6;6;6;18;Masculino;23;Guayas;Soltero;No aplica;Superior no Universitaria;Superior Universitaria;386;6;0;Propia;Casa;Si;No aplica;No aplica;No;0;BACHILLER EN CIENCIAS;Basico;Curso de Nivelacion;Fiscal;Extraordinario;Caso Especial;0;No aplica;Otros;1
6;6;6;18;Masculino;26;Guayas;Soltero;Financiar sus estudios;Secundaria;Secundaria;800;4;0;Propia;Casa;No;No;No;Si;0;BACHILLER EN INFORMATICA;Basico;Curso de Nivelacion;Particular;Ordinario;Reingreso;15;Otra;Cantones aledanos;1
6;6;6;18;Femenino;22;Guayas;Soltero;No aplica;Educacion Media;Educacion Media;580;5;0;Propia;Casa;Si;No;No;Si;0;BACHILLER TECNICO;Basico;Curso de Nivelacion;Fiscal;Ordinario;Regular;0;No aplica;Otros;1
6;6;6;18;Femenino;26;Guayas;Divorciado;Financiar sus estudios;Primaria;Secundaria;800;3;0;Cedida;Departamento;Si;No;No;Si;0;BACHILLER EN CIENCIAS;Basico;Curso de Nivelacion;Particular;Extraordinario;Regular;0;No aplica;Otros;1
6;6;6;18;Femenino;30;Guayas;Soltero;Para mantener a su hogar;Educacion Media;Educacion Media;400;5;0;Arrendada;Casa;Si;No;No;No;0;BACHILLER EN CIENCIAS;Intermedio;Curso de Nivelacion;Particular;Ordinario;Regular;25;Otra;Cantones aledanos;1
6;6;6;18;Femenino;34;Guayas;Casado;No aplica;Educacion Basica;Educacion Basica;600;5;300;Propia;Casa;Si;No;No;No;0;BACHILLER EN CIENCIAS;Basico;Curso de Nivelacion;Particular;Ordinario;Reingreso;0;No aplica;Otros;1
6;6;6;18;Femenino;26;Guayas;Soltero;No aplica;Primaria;Primaria;1200;6;0;Otra;Otra;No;No aplica;No aplica;No;0;BACHILLER EN CONTABILIDAD Y ADMINISTRACION;Intermedio;Curso de Nivelacion;Fiscal;Ordinario;Regular;25;Otra;Convenio interisntitucional;1
6;6;6;18;Masculino;21;Guayas;Soltero;Financiar sus estudios;Educacion Basica;Primaria;500;6;0;Propia;Casa;Si;No;Si;No;0;BACHILLER EN CONTABILIDAD Y ADMINISTRACION;Basico;Curso de Nivelacion;Fiscal;Ordinario;Regular;25;Otra;Cantones aledanos;1
6;6;4;16;Femenino;26;Guayas;Soltero;No aplica;Educacion Media;Primaria;450;11;0;Propia;Casa;Si;No;No;No;0;BACHILLER EN CIENCIAS;Intermedio;Curso de Nivelacion;Fiscomisional;Extraordinario;Caso Especial;0;No aplica;Otros;0
6;6;6;18;Femenino;21;Guayas;Soltero;No aplica;Superior Universitaria;Educacion Media;800;8;0;Cedida;Casa;Si;No;No;No;0;BACHILLER EN CONTABILIDAD Y ADMINISTRACION;Basico;Curso de Nivelacion;Fiscal;Ordinario;Regular;0;No aplica;Otros;1
6;6;0;12;Femenino;29;Guayas;Soltero;No aplica;Educacion Basica;Secundaria;400;6;0;Propia;Casa;Si;No;No;No;0;BACHILLER EN CONTABILIDAD Y ADMINISTRACION;Basico;Curso de Nivelacion;Fiscal;Ordinario;Regular;25;Otra;Vinculo familiar;0
6;6;6;18;Masculino;23;Guayas;Soltero;No aplica;Educacion Media;Secundaria;400;3;0;Propia;Casa;Si;No;Si;No;0;BACHILLER EN INFORMATICA;Basico;Curso de Nivelacion;Fiscal;Ordinario;Caso Especial;0;No aplica;Otros;1
6;6;6;18;Masculino;38;Santa Elena;Soltero;Financiar sus estudios;Educacion Basica;Educacion Basica;500;5;0;Propia;Casa;Si;No;Si;Si;0;BACHILLER EN CONTABILIDAD Y ADMINISTRACION;Basico;Curso de Nivelacion;Fiscal;Ordinario;Regular;0;No aplica;Otros;1
6;6;6;18;Femenino;38;Guayas;Casado;No aplica;Jardin de infantes;Jardin de infantes;700;7;0;Propia;Casa;Si;No;No;No;0;BACHILLER EN CONTABILIDAD Y ADMINISTRACION;Basico;Curso de Nivelacion;Fiscal;Ordinario;Regular;0;No aplica;Otros;1
4;4;0;8;Masculino;30;Guayas;Soltero;Financiar sus estudios;Educacion Media;Educacion Basica;1250;3;0;Propia;Villa;Si;No;No;Si;0;BACHILLER EN INFORMATICA;Basico;Curso de Nivelacion;Particular;Extraordinario;Regular;0;No aplica;Otros;0
6;6;4;16;Masculino;31;Guayas;Soltero;Para mantener a su hogar;Secundaria;Primaria;450;3;0;Arrendada;Departamento;Si;No;No;Si;0;BACHILLER EN CONTABILIDAD Y ADMINISTRACION;Basico;Curso de Nivelacion;Particular;Ordinario;Regular;0;No aplica;Otros;0
6;6;6;18;Femenino;25;Guayas;Soltero;No aplica;Superior Universitaria;Superior Universitaria;700;6;0;Propia;Casa;Si;No;No;No;0;BACHILLER EN CIENCIAS;Basico;Curso de Nivelacion;Particular;Ordinario;Regular;0;No aplica;Otros;1
6;5;3;14;Masculino;22;Guayas;Soltero;No aplica;Educacion Media;Secundaria;945;5;0;Propia;Casa;Si;No;No;No;0;BACHILLER EN CIENCIAS;Intermedio;Curso de Nivelacion;Particular;Ordinario;Caso Especial;0;No aplica;Otros;0
6;6;6;18;Femenino;23;Guayas;Soltero;Financiar sus estudios;Secundaria;Secundaria;894;4;0;Propia;Casa;Si;No;No;Si;0;BACHILLER EN CIENCIAS;Avanzado;Curso de Nivelacion;Particular;Ordinario;Regular;0;No aplica;Otros;1
6;6;0;12;Femenino;33;Guayas;Soltero;No aplica;Superior Universitaria;Secundaria;300;1;0;Otra;Otra;No;No;No;No;0;BACHILLER EN CONTABILIDAD Y ADMINISTRACION;Basico;Curso de Nivelacion;Particular;Extraordinario;Regular;0;No aplica;Otros;0
6;6;0;12;Femenino;20;Guayas;Soltero;No aplica;Educacion Media;Educacion Basica;400;4;0;Propia;Casa;Si;No;No;No;0;BACHILLER EN CIENCIAS;Basico;SENESCYT;Particular;Ordinario;Regular;50;Otra;Senescyt;0
6;6;6;18;Masculino;36;Guayas;Soltero;Para mantener a su hogar;Superior Universitaria;Superior Universitaria;2650;5;0;Cedida;Casa;Si;Si;Si;Si;0;BACHILLER EN INFORMATICA;Intermedio;Curso de Nivelacion;Particular;Ordinario;Regular;0;No aplica;Otros;1
6;6;6;18;Femenino;26;Guayas;Soltero;Financiar sus estudios;Educacion Media;Secundaria;730;5;0;Propia;Casa;Si;Si;Si;Si;0;BACHILLER EN CONTABILIDAD Y ADMINISTRACION;Basico;Curso de Nivelacion;Fiscal;Ordinario;Regular;0;No aplica;Otros;1
6;6;6;18;Femenino;30;Guayas;Soltero;Financiar sus estudios;Educacion Basica;Educacion Media;750;5;0;Propia;Casa;Si;Si;Si;Si;0;BACHILLER EN CONTABILIDAD Y ADMINISTRACION;Basico;Curso de Nivelacion;Fiscal;Ordinario;Regular;0;No aplica;Otros;1
6;6;0;12;Masculino;20;Guayas;Soltero;No aplica;Educacion Basica;Educacion Basica;248;4;0;Propia;Casa;Si;No;No;No;0;BACHILLER EN CIENCIAS;Basico;Curso de Nivelacion;Particular;Ordinario;Regular;25;Otra;Convenio interisntitucional;0
6;6;6;18;Masculino;25;Guayas;Soltero;No aplica;Secundaria;Secundaria;800;5;0;Propia;Casa;Si;No;Si;No;0;BACHILLER EN CIENCIAS;Intermedio;Homologacion;Particular;Ordinario;Homologado;0;No aplica;Otros;1
6;6;1;13;Femenino;29;Guayas;Soltero;Para mantener a su hogar;Primaria;Educacion Media;400;5;0;Cedida;Villa;Si;No;No;Si;0;BACHILLER EN INFORMATICA;Basico;Curso de Nivelacion;Particular;Extraordinario;Regular;0;No aplica;Otros;0
6;5;6;17;Masculino;52;Guayas;Union Libre;No aplica;Secundaria;Superior Universitaria;1000;5;0;Propia;Casa;Si;No;No;Si;0;BACHILLER TECNICO;Intermedio;Curso de Nivelacion;Fiscal;Extraordinario;Caso Especial;0;No aplica;Otros;0
6;1;0;7;Femenino;26;Guayas;Soltero;No aplica;Centro de Alfabetizacion;Centro de Alfabetizacion;380;4;0;Cedida;Casa;Si;No;No;No;0;BACHILLER EN CONTABILIDAD Y ADMINISTRACION;Basico;Curso de Nivelacion;Fiscal;Ordinario;Reingreso;25;Otra;Convenio interisntitucional;0
6;6;6;18;Femenino;27;Guayas;Soltero;Para mantener a su hogar;Secundaria;Superior Universitaria;1500;4;0;Propia;Casa;Si;Si;Si;No;0;BACHILLER EN CONTABILIDAD Y ADMINISTRACION;Basico;Curso de Nivelacion;Particular;Ordinario;Regular;0;No aplica;Otros;1
6;4;1;11;Femenino;27;Guayas;Soltero;No aplica;Secundaria;Primaria;1000;7;0;Cedida;Casa;Si;No;No;No;0;BACHILLER EN CIENCIAS;Basico;Curso de Nivelacion;Particular;Extraordinario;Caso Especial;0;No aplica;Otros;0
6;6;0;12;Femenino;31;Guayas;Casado;No aplica;Educacion Basica;Educacion Basica;400;4;0;Propia;Villa;Si;No;No;No;0;BACHILLER EN CONTABILIDAD Y ADMINISTRACION;Basico;Curso de Nivelacion;Fiscal;Ordinario;Regular;25;Otra;Convenio interisntitucional;0
6;6;6;18;Femenino;22;Guayas;Soltero;No aplica;Primaria;Superior Universitaria;800;6;0;Arrendada;Villa;Si;No;No;No;0;BACHILLER EN CONTABILIDAD Y ADMINISTRACION;Basico;Curso de Nivelacion;Fiscal;Ordinario;Reingreso;0;No aplica;Otros;1
6;6;6;18;Femenino;33;Guayas;Soltero;Financiar sus estudios;Secundaria;Superior Universitaria;1800;4;500;Arrendada;Villa;Si;Si;Si;Si;0;BACHILLER EN INFORMATICA;Basico;Curso de Nivelacion;Particular;Ordinario;Regular;0;No aplica;Otros;1
6;2;0;8;Masculino;33;Guayas;Soltero;Para mantener a su hogar;Secundaria;Superior Universitaria;2250;6;0;Cedida;Cuarto;Si;No;No;Si;0;BACHILLER EN CONTABILIDAD Y ADMINISTRACION;Basico;Curso de Nivelacion;Fiscal;Extraordinario;Caso Especial;0;No aplica;Otros;0
6;6;6;18;Masculino;50;Guayas;Casado;Financiar sus estudios;Educacion Media;Educacion Media;900;4;300;Propia;Villa;Si;Si;Si;Si;18;BACHILLER EN CIENCIAS;Basico;Curso de Nivelacion;Particular;Ordinario;Regular;0;No aplica;Otros;1
6;6;6;18;Masculino;27;Guayas;Soltero;Para mantener a su hogar;Educacion Media;Secundaria;800;3;0;Cedida;Casa;Si;No;No;Si;0;BACHILLER EN CIENCIAS;Basico;Curso de Nivelacion;Particular;Extraordinario;Regular;0;No aplica;Otros;1
6;6;6;18;Femenino;57;Guayas;Divorciado;Financiar sus estudios;Primaria;Primaria;1500;3;0;Arrendada;Departamento;Si;Si;Si;Si;0;BACHILLER EN CIENCIAS;Basico;Curso de Nivelacion;Fiscal;Ordinario;Regular;0;No aplica;Otros;1
6;2;0;8;Femenino;20;Guayas;Soltero;No aplica;Secundaria;Secundaria;1200;6;0;Cedida;Casa;Si;No;No;No;0;BACHILLER EN CIENCIAS;Basico;Curso de Nivelacion;Particular;Ordinario;Regular;0;No aplica;Otros;0
6;6;6;18;Femenino;30;Guayas;Casado;Para mantener a su hogar;Educacion Media;Educacion Media;1170;4;0;La esta pagando;Casa;Si;No;No;Si;0;BACHILLER TECNICO;Basico;Curso de Nivelacion;Particular;Ordinario;Regular;0;No aplica;Otros;1
6;6;6;18;Masculino;29;Guayas;Union Libre;Para mantener a su hogar;Educacion Media;Educacion Basica;700;3;0;Cedida;Villa;Si;No;No;Si;0;BACHILLER EN CIENCIAS;Basico;Curso de Nivelacion;Fiscal;Ordinario;Regular;0;No aplica;Otros;1
6;6;6;18;Masculino;22;Manabi;Soltero;No aplica;Educacion Media;Educacion Basica;290;3;0;Propia;Casa;No;No;Si;No;0;BACHILLER EN CIENCIAS;Basico;Curso de Nivelacion;Fiscal;Ordinario;Regular;0;No aplica;Otros;1
6;6;6;18;Femenino;48;Guayas;Casado;Para mantener a su hogar;Superior Universitaria;Educacion Media;2300;4;0;Propia;Casa;Si;No;No;Si;0;BACHILLER EN CONTABILIDAD Y ADMINISTRACION;Basico;Curso de Nivelacion;Particular;Ordinario;Regular;0;No aplica;Otros;1
6;5;6;17;Masculino;29;Guayas;Soltero;Financiar sus estudios;Educacion Media;Posgrado;1200;5;0;Arrendada;Departamento;Si;No;No;Si;1;BACHILLER EN CIENCIAS;Intermedio;Homologacion;Particular;Ordinario;Homologado;0;No aplica;Otros;0
6;6;6;18;Femenino;25;Guayas;Soltero;No aplica;Superior Universitaria;Superior no Universitaria;386;4;0;Propia;Casa;Si;Si;Si;No;0;BACHILLER EN CIENCIAS;Basico;Curso de Nivelacion;Particular;Ordinario;Regular;0;No aplica;Otros;1
6;6;6;18;Masculino;39;Guayas;Soltero;Para mantener a su hogar;Educacion Basica;Educacion Basica;1200;4;0;Propia;Casa;Si;Si;Si;Si;0;BACHILLER EN CIENCIAS;Basico;Curso de Nivelacion;Particular;Ordinario;Regular;25;No aplica;Ex cadete Anai;1
6;6;6;18;Masculino;22;Guayas;Soltero;No aplica;Secundaria;Superior Universitaria;784;4;0;Cedida;Villa;Si;Si;Si;No;0;BACHILLER EN INFORMATICA;Basico;Curso de Nivelacion;Particular;Ordinario;Regular;40;Excelencia Academica;Otros;1
6;6;6;18;Femenino;22;Guayas;Soltero;No aplica;Superior Universitaria;Superior Universitaria;300;5;0;Propia;Villa;Si;No;No;No;0;BACHILLER EN CIENCIAS;Intermedio;Curso de Nivelacion;Particular;Ordinario;Regular;0;No aplica;Otros;1
6;6;6;18;Masculino;23;Guayas;Soltero;Gastos Personales;Primaria;Primaria;1502;6;0;Propia;Casa;Si;Si;Si;Si;0;BACHILLER EN CIENCIAS;Intermedio;Curso de Nivelacion;Particular;Ordinario;Regular;0;No aplica;Otros;1
6;6;6;18;Femenino;25;Guayas;Soltero;No aplica;Secundaria;Educacion Basica;700;2;0;Arrendada;Departamento;Si;No;No;No;0;BACHILLER EN CIENCIAS;Basico;Curso de Nivelacion;Fiscal;Ordinario;Regular;0;No aplica;Otros;1
6;6;6;18;Femenino;25;Guayas;Union Libre;No aplica;Educacion Basica;Educacion Basica;692;3;0;Propia;Casa;Si;Si;Si;No;0;BACHILLER EN CIENCIAS;Intermedio;Curso de Nivelacion;Fiscal;Ordinario;Regular;0;No aplica;Otros;1
6;6;0;12;Femenino;20;Guayas;Soltero;No aplica;Superior Universitaria;Secundaria;380;5;0;Propia;Casa;Si;No;No;No;0;BACHILLER EN CONTABILIDAD Y ADMINISTRACION;Basico;Curso de Nivelacion;Fiscal;Ordinario;Regular;10;Socioeconomica;Otros;0
6;6;6;18;Femenino;28;Guayas;Soltero;Financiar sus estudios;Primaria;Secundaria;800;7;0;Arrendada;Casa;Si;No;Si;Si;0;BACHILLER EN CIENCIAS;Basico;Curso de Nivelacion;Fiscal;Ordinario;Regular;0;No aplica;Otros;1
6;6;6;18;Masculino;22;Guayas;Soltero;Financiar sus estudios;Educacion Basica;Educacion Basica;800;6;0;Propia;Villa;Si;No;Si;No;0;BACHILLER EN CIENCIAS;Basico;SENESCYT;Fiscal;Ordinario;Regular;0;No aplica;Otros;1
6;6;6;18;Masculino;32;Guayas;Casado;Para mantener a su hogar;Primaria;Primaria;650;3;0;Arrendada;Villa;No;No aplica;No aplica;Si;0;BACHILLER TECNICO;Basico;Curso de Nivelacion;Particular;Ordinario;Regular;25;Otra;Convenio interisntitucional;1
6;6;6;18;Femenino;23;Guayas;Soltero;Financiar sus estudios;Primaria;Primaria;1000;6;0;Propia;Casa;Si;Si;Si;Si;0;BACHILLER EN CONTABILIDAD Y ADMINISTRACION;Basico;Curso de Nivelacion;Fiscal;Extraordinario;Regular;0;No aplica;Otros;1
6;6;6;18;Masculino;36;Guayas;Soltero;Financiar sus estudios;Secundaria;Primaria;500;3;0;Propia;Villa;No;Si;Si;Si;0;BACHILLER TECNICO;Basico;Curso de Nivelacion;Fiscal;Extraordinario;Regular;0;No aplica;Otros;1
6;6;6;18;Femenino;23;Guayas;Soltero;No aplica;Secundaria;Secundaria;600;3;0;Arrendada;Departamento;No;Si;Si;No;0;BACHILLER EN INFORMATICA;Basico;Curso de Nivelacion;Fiscal;Ordinario;Regular;0;No aplica;Otros;1
6;6;4;16;Masculino;43;Guayas;Divorciado;Para mantener a su hogar;Superior Universitaria;Posgrado;1500;2;0;Arrendada;Casa;Si;No;No;No;0;BACHILLER TECNICO;Basico;Curso de Nivelacion;Fiscal;Ordinario;Caso Especial;0;No aplica;Otros;0
6;6;6;18;Femenino;27;Guayas;Casado;Financiar sus estudios;Primaria;Secundaria;700;5;0;Otra;Otra;No;No;No;Si;0;BACHILLER EN CONTABILIDAD Y ADMINISTRACION;Basico;Curso de Nivelacion;Fiscal;Extraordinario;Regular;25;Otra;Convenio interisntitucional;1
6;6;6;18;Masculino;26;Guayas;Soltero;Financiar sus estudios;Jardin de infantes;Educacion Basica;802;5;0;Propia;Casa;Si;No;Si;Si;0;BACHILLER EN INFORMATICA;Basico;Curso de Nivelacion;Fiscal;Ordinario;Regular;0;No aplica;Otros;1
6;6;6;18;Masculino;29;Guayas;Soltero;Para mantener a su hogar;Primaria;Primaria;350;3;0;Propia;Casa;Si;No;No;Si;0;BACHILLER EN INFORMATICA;Intermedio;Curso de Nivelacion;Fiscal;Ordinario;Regular;15;Pueblos y nacionalidades;Otros;1
6;5;0;11;Masculino;24;Guayas;Soltero;Financiar sus estudios;Educacion Media;Posgrado;1100;2;400;Propia;Casa;Si;No;No;No;0;BACHILLER EN INFORMATICA;Intermedio;Curso de Nivelacion;Particular;Extraordinario;Regular;25;Otra;Ex cadete Anai;0
6;6;6;18;Femenino;21;Guayas;Soltero;No aplica;Educacion Basica;Educacion Basica;898;4;0;Propia;Villa;Si;No;Si;No;0;BACHILLER EN CIENCIAS;Basico;Curso de Nivelacion;Fiscal;Extraordinario;Caso Especial;0;No aplica;Otros;1
6;6;6;18;Masculino;30;Guayas;Casado;Financiar sus estudios;Educacion Basica;Centro de Alfabetizacion;450;3;0;Propia;Casa;Si;No;Si;Si;0;BACHILLER EN CONTABILIDAD Y ADMINISTRACION;Intermedio;SENESCYT;Fiscal;Ordinario;Regular;50;Otra;Senescyt;1
6;6;0;12;Femenino;35;Guayas;Divorciado;No aplica;Superior Universitaria;Superior Universitaria;1150;5;0;Propia;Casa;Si;Si;Si;No;0;BACHILLER EN CONTABILIDAD Y ADMINISTRACION;Intermedio;Curso de Nivelacion;Particular;Extraordinario;Regular;0;No aplica;Otros;0
6;6;6;18;Femenino;28;Guayas;Casado;Para mantener a su hogar;Superior Universitaria;Secundaria;2000;4;0;Cedida;Casa;Si;No;Si;Si;0;BACHILLER EN CONTABILIDAD Y ADMINISTRACION;Intermedio;Curso de Nivelacion;Particular;Ordinario;Regular;25;Otra;Vinculo familiar;1
6;6;1;13;Femenino;21;Guayas;Soltero;No aplica;Secundaria;Secundaria;1500;4;0;Propia;Casa;Si;No;No;No;0;BACHILLER EN CIENCIAS;Basico;Curso de Nivelacion;Particular;Ordinario;Regular;25;Otra;Ex cadete Anai;0
6;6;6;18;Femenino;32;Guayas;Soltero;Financiar sus estudios;Superior Universitaria;Secundaria;2450;4;0;Propia;Casa;Si;No;No;Si;4;BACHILLER EN CONTABILIDAD Y ADMINISTRACION;Intermedio;Curso de Nivelacion;Particular;Ordinario;Regular;0;No aplica;Otros;1
6;6;6;18;Masculino;37;Guayas;Casado;No aplica;Educacion Basica;Educacion Basica;800;4;0;La esta pagando;Casa;Si;No;No;Si;0;BACHILLER EN INFORMATICA;Basico;Curso de Nivelacion;Fiscal;Ordinario;Regular;0;No aplica;Otros;1
6;4;0;10;Masculino;23;Guayas;Soltero;No aplica;Educacion Basica;Educacion Media;500;3;200;Arrendada;Casa;Si;No;No;No;0;BACHILLER EN CIENCIAS;Basico;Curso de Nivelacion;Fiscal;Ordinario;Regular;0;No aplica;Otros;0
6;6;6;18;Masculino;53;Guayas;Soltero;Financiar sus estudios;Educacion Basica;Educacion Basica;2000;5;0;Propia;Casa;Si;Si;Si;Si;23;BACHILLER TECNICO;Intermedio;Curso de Nivelacion;Fiscal;Ordinario;Regular;0;No aplica;Otros;1
6;6;6;18;Femenino;23;Guayas;Soltero;No aplica;Primaria;Educacion Basica;392;6;0;Propia;Casa;Si;No;Si;No;0;BACHILLER EN CIENCIAS;Basico;Otros;Fiscal;Ordinario;Caso Especial;0;No aplica;Otros;1
6;6;0;12;Femenino;19;Guayas;Soltero;No aplica;Educacion Media;Secundaria;300;3;0;Propia;Casa;Si;No;No;No;0;BACHILLER EN CIENCIAS;Basico;Curso de Nivelacion;Fiscal;Ordinario;Regular;50;Excelencia Academica;Otros;0
6;6;6;18;Femenino;25;Guayas;Soltero;Financiar sus estudios;Primaria;Primaria;600;3;0;Propia;Casa;Si;Si;Si;Si;0;BACHILLER EN CONTABILIDAD Y ADMINISTRACION;Basico;Curso de Nivelacion;Fiscal;Ordinario;Regular;40;Excelencia Academica;Otros;1
6;6;6;18;Femenino;23;Guayas;Soltero;No aplica;Secundaria;Superior Universitaria;895;4;0;Propia;Casa;Si;Si;Si;No;0;BACHILLER EN CONTABILIDAD Y ADMINISTRACION;Basico;Curso de Nivelacion;Particular;Ordinario;Regular;25;Otra;Ex cadete Anai;1
6;6;6;18;Femenino;27;Guayas;Casado;Financiar sus estudios;Educacion Basica;Educacion Basica;400;3;0;Cedida;Departamento;Si;Si;Si;Si;0;BACHILLER EN CONTABILIDAD Y ADMINISTRACION;Basico;SENESCYT;Fiscal;Ordinario;Regular;0;No aplica;Otros;1
6;6;6;18;Masculino;24;Guayas;Soltero;No aplica;Educacion Media;Secundaria;800;5;50;Propia;Casa;Si;Si;No;No;0;BACHILLER EN CONTABILIDAD Y ADMINISTRACION;Avanzado;Curso de Nivelacion;Fiscal;Ordinario;Regular;0;No aplica;Otros;1
6;6;6;18;Femenino;36;Guayas;Casado;No aplica;Educacion Media;Educacion Media;1300;3;0;Arrendada;Casa;Si;Si;Si;No;0;BACHILLER EN CIENCIAS;Basico;Curso de Nivelacion;Fiscal;Ordinario;Regular;0;No aplica;Otros;1
6;1;0;7;Femenino;23;Guayas;Soltero;Financiar sus estudios;Secundaria;Secundaria;900;3;0;Propia;Casa;Si;No;No;Si;0;BACHILLER EN CONTABILIDAD Y ADMINISTRACION;Basico;Curso de Nivelacion;Particular;Ordinario;Regular;0;No aplica;Otros;0
6;6;6;18;Femenino;24;Guayas;Soltero;No aplica;Secundaria;Secundaria;600;6;0;Cedida;Casa;Si;Si;Si;No;0;BACHILLER EN CIENCIAS;Basico;Curso de Nivelacion;Particular;Ordinario;Regular;25;Otra;Ex cadete Anai;1
6;6;6;18;Femenino;24;Guayas;Soltero;No aplica;Superior Universitaria;Secundaria;1245;3;0;Propia;Casa;Si;Si;Si;No;0;BACHILLER EN CIENCIAS;Basico;Curso de Nivelacion;Fiscal;Ordinario;Regular;0;No aplica;Otros;1
6;6;6;18;Masculino;29;Bolivar;Soltero;Para mantener a su hogar;Secundaria;Secundaria;700;1;0;Propia;Casa;Si;No;No;Si;0;BACHILLER EN CIENCIAS;Basico;Curso de Nivelacion;Particular;Ordinario;Homologado;0;No aplica;Otros;1
6;6;6;18;Femenino;35;Guayas;Soltero;Para mantener a su hogar;Educacion Media;Secundaria;450;2;0;Arrendada;Departamento;Si;No;Si;Si;0;BACHILLER EN CIENCIAS;Basico;Curso de Nivelacion;Fiscal;Ordinario;Regular;0;No aplica;Otros;1
6;6;6;18;Femenino;40;Guayas;Soltero;Financiar sus estudios;Educacion Basica;Educacion Basica;900;2;0;Arrendada;Casa;Si;Si;Si;Si;0;BACHILLER EN INFORMATICA;Basico;Curso de Nivelacion;Fiscal;Ordinario;Regular;50;Excelencia Academica;Otros;1
6;6;6;18;Femenino;31;Guayas;Soltero;Financiar sus estudios;Educacion Basica;Educacion Basica;1300;9;0;Cedida;Casa;Si;Si;Si;Si;0;BACHILLER EN INFORMATICA;Basico;Curso de Nivelacion;Fiscal;Ordinario;Regular;50;Excelencia Academica;Otros;1
6;6;0;12;Femenino;21;Guayas;Soltero;No aplica;Superior Universitaria;Superior Universitaria;1400;5;0;Arrendada;Departamento;Si;No;No;No;0;BACHILLER EN CIENCIAS;Basico;Curso de Nivelacion;Particular;Ordinario;Regular;30;Otra;Empleado anai/aitec;0
6;6;6;18;Masculino;22;Guayas;Soltero;Financiar sus estudios;Superior Universitaria;Superior Universitaria;600;5;0;Propia;Casa;Si;No;No;No;0;BACHILLER EN CONTABILIDAD Y ADMINISTRACION;Basico;Curso de Nivelacion;Particular;Ordinario;Regular;0;No aplica;Otros;1
6;6;6;18;Masculino;24;Santa Elena;Soltero;Para mantener a su hogar;Secundaria;Primaria;1650;3;0;Arrendada;Cuarto;No;No;No;Si;0;BACHILLER EN CONTABILIDAD Y ADMINISTRACION;Basico;Curso de Nivelacion;Fiscomisional;Extraordinario;Caso Especial;0;No aplica;Otros;1
6;6;6;18;Masculino;34;Guayas;Soltero;Financiar sus estudios;Secundaria;Secundaria;1600;8;0;Cedida;Casa;Si;Si;Si;Si;0;BACHILLER EN CIENCIAS;Basico;Curso de Nivelacion;Particular;Ordinario;Regular;0;No aplica;Otros;1
6;6;6;18;Femenino;42;Guayas;Soltero;Para mantener a su hogar;Superior Universitaria;Secundaria;1500;2;0;Propia;Departamento;Si;Si;Si;Si;0;BACHILLER EN CIENCIAS;Basico;Curso de Nivelacion;Fiscal;Ordinario;Regular;50;Excelencia Academica;Otros;1
6;6;6;18;Femenino;45;Guayas;Divorciado;Para mantener a su hogar;Superior Universitaria;Secundaria;500;6;0;Propia;Casa;Si;Si;Si;Si;0;BACHILLER EN CONTABILIDAD Y ADMINISTRACION;Intermedio;Curso de Nivelacion;Particular;Ordinario;Regular;0;No aplica;Otros;1
6;6;4;16;Masculino;36;Guayas;Casado;Financiar sus estudios;Primaria;Secundaria;1300;4;0;Cedida;Casa;Si;No;No;Si;0;BACHILLER EN CIENCIAS;Basico;Homologacion;Fiscal;Ordinario;Homologado;0;No aplica;Otros;0
6;6;0;12;Femenino;22;Guayas;Soltero;Para mantener a su hogar;Educacion Basica;Educacion Basica;200;5;0;Propia;Casa;Si;No;No;No;0;BACHILLER EN INFORMATICA;Basico;Curso de Nivelacion;Fiscal;Ordinario;Regular;15;Pueblos y nacionalidades;Otros;0
6;6;6;18;Femenino;22;Guayas;Soltero;No aplica;Primaria;Superior Universitaria;1684;6;0;Propia;Casa;Si;No;No;No;0;BACHILLER EN CIENCIAS;Intermedio;Curso de Nivelacion;Particular;Ordinario;Regular;0;No aplica;Otros;1
6;6;6;18;Femenino;26;Guayas;Casado;Financiar sus estudios;Secundaria;Secundaria;780;2;0;Cedida;Departamento;Si;Si;Si;Si;0;BACHILLER EN CONTABILIDAD Y ADMINISTRACION;Basico;Curso de Nivelacion;Fiscal;Ordinario;Regular;0;No aplica;Otros;1
6;6;6;18;Femenino;34;Guayas;Soltero;Financiar sus estudios;Secundaria;Secundaria;1200;4;600;Propia;Casa;Si;No aplica;No aplica;No;0;BACHILLER EN CIENCIAS;Intermedio;Curso de Nivelacion;Particular;Ordinario;Reingreso;0;No aplica;Otros;1
6;6;6;18;Femenino;24;Guayas;Soltero;No aplica;Educacion Media;Superior Universitaria;200;4;0;Propia;Casa;No;Si;Si;No;0;BACHILLER EN CIENCIAS;Basico;Curso de Nivelacion;Fiscal;Ordinario;Regular;0;No aplica;Otros;1
6;6;6;18;Femenino;41;Guayas;Soltero;No aplica;Secundaria;Secundaria;350;3;0;Propia;Villa;Si;No;Si;No;0;BACHILLER EN INFORMATICA;Basico;Curso de Nivelacion;Particular;Ordinario;Regular;0;No aplica;Otros;1
6;6;6;18;Masculino;38;Guayas;Casado;Financiar sus estudios;Superior Universitaria;Secundaria;1800;3;0;Propia;Departamento;Si;Si;Si;Si;0;BACHILLER EN CIENCIAS;Basico;Curso de Nivelacion;Particular;Ordinario;Regular;25;Otra;Empleado anai/aitec;1
6;6;6;18;Femenino;21;Guayas;Soltero;Para mantener a su hogar;Secundaria;Secundaria;400;7;0;Propia;Casa;Si;Si;Si;No;0;BACHILLER EN INFORMATICA;Basico;Curso de Nivelacion;Particular;Ordinario;Regular;25;Otra;Convenio interisntitucional;1
6;6;0;12;Femenino;31;Guayas;Divorciado;Para mantener a su hogar;Educacion Media;Secundaria;705;4;0;Arrendada;Departamento;Si;No;No;Si;0;BACHILLER EN CONTABILIDAD Y ADMINISTRACION;Basico;SENESCYT;Fiscal;Extraordinario;Regular;50;Otra;Senescyt;0
6;2;0;8;Femenino;24;Guayas;Soltero;Financiar sus estudios;Primaria;Secundaria;400;7;0;Propia;Villa;Si;No;No;Si;0;BACHILLER EN CIENCIAS;Basico;Curso de Nivelacion;Particular;Ordinario;Regular;0;No aplica;Otros;0
6;6;0;12;Masculino;22;Guayas;Soltero;Financiar sus estudios;Educacion Basica;Educacion Media;2400;10;0;Propia;Casa;Si;No;No;Si;0;BACHILLER EN CIENCIAS;Basico;Curso de Nivelacion;Particular;Ordinario;Regular;25;Otra;Ex cadete Anai;0
6;6;0;12;Femenino;30;Guayas;Casado;No aplica;Educacion Media;Secundaria;500;5;0;Arrendada;Departamento;Si;No;No;No;0;BACHILLER EN CIENCIAS;Intermedio;Curso de Nivelacion;Particular;Ordinario;Regular;0;No aplica;Otros;0
6;6;6;18;Femenino;45;Guayas;Casado;Financiar sus estudios;Superior Universitaria;Posgrado;1583;2;0;La esta pagando;Casa;Si;Si;Si;Si;0;BACHILLER EN CONTABILIDAD Y ADMINISTRACION;Basico;Curso de Nivelacion;Fiscal;Ordinario;Regular;25;Otra;Convenio interisntitucional;1
6;6;6;18;Femenino;22;Guayas;Soltero;Para mantener a su hogar;Educacion Basica;Educacion Basica;800;3;490;Propia;Casa;Si;Si;Si;No;0;BACHILLER EN CONTABILIDAD Y ADMINISTRACION;Basico;Curso de Nivelacion;Fiscal;Ordinario;Regular;50;Excelencia Academica;Otros;1
6;6;6;18;Masculino;23;Guayas;Soltero;No aplica;Primaria;Secundaria;769;4;0;Propia;Casa;No;Si;Si;No;0;BACHILLER EN CONTABILIDAD Y ADMINISTRACION;Basico;Curso de Nivelacion;Fiscal;Ordinario;Regular;10;Socioeconomica;Otros;1
6;5;0;11;Femenino;21;Guayas;Soltero;No aplica;Superior Universitaria;Educacion Media;1950;4;0;Arrendada;Departamento;Si;No;No;No;0;BACHILLER EN CIENCIAS;Basico;Curso de Nivelacion;Particular;Ordinario;Caso Especial;0;No aplica;Otros;0
6;6;6;18;Masculino;21;Guayas;Soltero;Para mantener a su hogar;Superior Universitaria;Secundaria;4000;6;0;Propia;Villa;Si;No;No;No;0;BACHILLER EN CIENCIAS;Basico;Curso de Nivelacion;Particular;Ordinario;Regular;0;No aplica;Otros;1
6;6;6;18;Masculino;38;Guayas;Casado;Financiar sus estudios;Primaria;Primaria;480;4;0;Propia;Casa;Si;No aplica;No aplica;Si;0;BACHILLER EN INFORMATICA;Basico;Curso de Nivelacion;Fiscal;Ordinario;Regular;0;No aplica;Otros;1
6;6;6;18;Femenino;41;Guayas;Soltero;Para mantener a su hogar;Educacion Basica;Educacion Media;200;4;0;Propia;Casa;Si;No;Si;No;0;BACHILLER EN INFORMATICA;Basico;Curso de Nivelacion;Fiscal;Ordinario;Regular;0;No aplica;Otros;1
6;6;4;16;Femenino;25;Guayas;Soltero;Financiar sus estudios;Superior Universitaria;Educacion Media;1800;5;0;Propia;Villa;Si;No;No;Si;0;BACHILLER EN CIENCIAS;Basico;Homologacion;Fiscal;Ordinario;Caso Especial;0;No aplica;Otros;0
6;6;6;18;Masculino;23;Guayas;Soltero;No aplica;Secundaria;Secundaria;1590;5;200;Propia;Villa;Si;No;Si;No;0;BACHILLER EN CIENCIAS;Intermedio;Curso de Nivelacion;Particular;Ordinario;Regular;0;No aplica;Otros;1
6;6;6;18;Masculino;21;Guayas;Soltero;No aplica;Secundaria;Superior Universitaria;1800;4;300;Propia;Casa;Si;No;No;No;0;BACHILLER EN CONTABILIDAD Y ADMINISTRACION;Basico;Curso de Nivelacion;Particular;Ordinario;Regular;25;Otra;Ex cadete Anai;1
6;6;6;18;Femenino;21;Guayas;Soltero;No aplica;Educacion Basica;Educacion Basica;350;7;0;Propia;Casa;Si;No;No;No;0;BACHILLER EN CIENCIAS;Basico;Curso de Nivelacion;Fiscal;Ordinario;Regular;0;No aplica;Otros;1
6;6;6;18;Femenino;30;Guayas;Soltero;Para mantener a su hogar;Secundaria;Superior Universitaria;2700;5;0;Propia;Villa;Si;Si;Si;Si;3;BACHILLER EN CONTABILIDAD Y ADMINISTRACION;Basico;Homologacion;Fiscal;Ordinario;Regular;0;No aplica;Otros;1
6;6;6;18;Femenino;37;Guayas;Casado;Financiar sus estudios;Superior Universitaria;Superior Universitaria;2500;5;0;Cedida;Casa;Si;Si;Si;Si;0;BACHILLER EN CONTABILIDAD Y ADMINISTRACION;Basico;Curso de Nivelacion;Particular;Ordinario;Regular;0;No aplica;Otros;1
6;6;6;18;Masculino;59;Guayas;Casado;Financiar sus estudios;Secundaria;Secundaria;1155;3;0;Propia;Villa;Si;No;Si;Si;0;BACHILLER EN CONTABILIDAD Y ADMINISTRACION;Basico;Curso de Nivelacion;Fiscal;Ordinario;Regular;0;No aplica;Otros;1
6;6;6;18;Masculino;34;Guayas;Soltero;Financiar sus estudios;Primaria;Primaria;1138;5;0;Propia;Villa;No;No aplica;No aplica;Si;0;BACHILLER EN CIENCIAS;Basico;Curso de Nivelacion;Fiscal;Extraordinario;Regular;0;No aplica;Otros;1
6;6;0;12;Femenino;20;Guayas;Soltero;Para mantener a su hogar;Educacion Basica;Educacion Basica;900;4;0;Propia;Casa;Si;No;No;No;0;BACHILLER EN INFORMATICA;Basico;Curso de Nivelacion;Fiscal;Ordinario;Regular;25;Otra;Convenio interisntitucional;0
6;6;6;18;Masculino;34;Guayas;Casado;Financiar sus estudios;Primaria;Secundaria;450;3;0;Propia;Casa;Si;No;No;Si;0;BACHILLER EN INFORMATICA;Basico;Curso de Nivelacion;Particular;Extraordinario;Regular;0;No aplica;Otros;1
6;6;0;12;Masculino;36;Guayas;Casado;Para mantener a su hogar;Educacion Media;Educacion Media;956;4;0;Cedida;Casa;Si;No;No;Si;0;BACHILLER EN INFORMATICA;Basico;Curso de Nivelacion;Particular;Ordinario;Regular;0;No aplica;Otros;0
5;1;0;6;Masculino;30;Guayas;Casado;Para mantener a su hogar;Superior Universitaria;Superior Universitaria;900;2;0;Propia;Departamento;Si;No;Si;Si;0;BACHILLER EN CONTABILIDAD Y ADMINISTRACION;Basico;Hom. Tray. Profesional;Particular;Ordinario;Hom. Tray. Profesional;0;No aplica;Otros;0
6;6;6;18;Masculino;22;Guayas;Soltero;No aplica;Superior Universitaria;Superior Universitaria;1900;5;0;Propia;Casa;Si;Si;Si;No;0;BACHILLER EN CIENCIAS;Intermedio;Curso de Nivelacion;Particular;Ordinario;Regular;0;No aplica;Otros;1
6;5;0;11;Femenino;60;Guayas;Casado;Para mantener a su hogar;Secundaria;Educacion Media;1800;6;0;Arrendada;Departamento;Si;No;No;Si;0;BACHILLER EN CIENCIAS;Basico;Curso de Nivelacion;Particular;Ordinario;Regular;0;No aplica;Otros;0
6;6;6;18;Masculino;35;Guayas;Divorciado;Financiar sus estudios;Superior Universitaria;Superior Universitaria;600;4;0;Propia;Casa;Si;Si;Si;Si;0;BACHILLER EN INFORMATICA;Basico;Curso de Nivelacion;Particular;Ordinario;Regular;0;No aplica;Otros;1
6;6;6;18;Femenino;34;Guayas;Soltero;Financiar sus estudios;Secundaria;Secundaria;2500;5;0;Arrendada;Departamento;Si;No;No;Si;0;BACHILLER EN CONTABILIDAD Y ADMINISTRACION;Basico;Curso de Nivelacion;Particular;Extraordinario;Reingreso;0;No aplica;Otros;1
6;6;6;18;Masculino;35;Guayas;Casado;Para mantener a su hogar;Superior Universitaria;Superior Universitaria;500;4;0;La esta pagando;Casa;Si;Si;Si;Si;10;BACHILLER EN CIENCIAS;Basico;Curso de Nivelacion;Particular;Ordinario;Regular;25;Otra;Empleado anai/aitec;1
6;6;6;18;Masculino;30;Guayas;Soltero;Financiar sus estudios;Secundaria;Secundaria;1500;3;0;Arrendada;Departamento;Si;Si;Si;Si;0;BACHILLER EN CONTABILIDAD Y ADMINISTRACION;Basico;Curso de Nivelacion;Particular;Ordinario;Regular;0;No aplica;Otros;1
6;6;6;18;Femenino;32;Guayas;Soltero;Financiar sus estudios;Educacion Basica;Educacion Basica;640;3;320;Cedida;Cuarto;Si;No;No;No;0;BACHILLER EN CONTABILIDAD Y ADMINISTRACION;Basico;Curso de Nivelacion;Fiscomisional;Ordinario;Regular;25;Otra;Convenio interisntitucional;1
6;6;6;18;Femenino;20;Guayas;Soltero;No aplica;Primaria;Secundaria;300;2;0;Propia;Departamento;Si;No;Si;No;0;BACHILLER EN INFORMATICA;Basico;Curso de Nivelacion;Particular;Ordinario;Regular;0;No aplica;Otros;1
6;6;0;12;Masculino;21;Guayas;Soltero;No aplica;Educacion Media;Superior Universitaria;855;4;0;Arrendada;Departamento;Si;No;No;No;0;BACHILLER EN CIENCIAS;Basico;Curso de Nivelacion;Particular;Ordinario;Regular;0;No aplica;Otros;0
6;6;3;15;Masculino;22;Guayas;Soltero;No aplica;Secundaria;Superior Universitaria;900;3;300;Propia;Casa;No;No aplica;No aplica;No;0;BACHILLER EN CONTABILIDAD Y ADMINISTRACION;Basico;Curso de Nivelacion;Fiscal;Extraordinario;Caso Especial;0;No aplica;Otros;0
6;6;6;18;Masculino;33;Guayas;Casado;Financiar sus estudios;Secundaria;Superior Universitaria;1500;4;0;Arrendada;Casa;Si;Si;Si;Si;0;BACHILLER EN CIENCIAS;Intermedio;Otros;Particular;Extraordinario;Regular;0;No aplica;Otros;1
6;5;0;11;Masculino;29;Guayas;Soltero;Financiar sus estudios;Educacion Media;Secundaria;450;4;0;Propia;Casa;Si;No;No;Si;0;BACHILLER EN CONTABILIDAD Y ADMINISTRACION;Basico;Curso de Nivelacion;Fiscal;Extraordinario;Regular;0;No aplica;Otros;0
